{"cameraMode":{"drawMode":0,"name":"Shaded","section":"Shading Mode"},"sceneLighting":false,"audioPlay":false,"sceneViewState":{"m_AlwaysRefresh":false,"showFog":true,"showSkybox":true,"showFlares":true,"showImageEffects":true,"showParticleSystems":true,"showVisualEffectGraphs":true,"m_FxEnabled":true},"in2DMode":false,"pivot":{"x":-1.9116417169570923,"y":27.043981552124025,"z":77.27154541015625},"rotation":{"x":0.11258436739444733,"y":0.008675703778862954,"z":-0.0018646556418389083,"w":0.9938403367996216},"size":21.723325729370118,"orthographic":false}